authorId,publicThemeId,storyId,title,commentUserId,deadline
beth,admonishing,1c9lz1jr8uqla5,A warm welcome,hannah,2019-01-09
dan,admonishing,1ki2m1jqi7k9w6,Best before,hannah,2019-01-09
dan,admonishing,1ki2m1jqi7k9w6,Best before,jenny,2019-01-09
dan,admonishing,1ki2m1jqi7k9w6,Best before,lewis,2019-01-09
dan,admonishing,1ki2m1jqi7k9w6,Best before,lewis,2019-01-09
dan,admonishing,1ki2m1jqi7k9w6,Best before,james,2019-01-09
jenny,admonishing,coew1jqp2r6t3,Something honest,lewis,2019-01-09
jenny,admonishing,coew1jqp2r6t3,Something honest,dan,2019-01-09
jenny,admonishing,coew1jqp2r6t3,Something honest,james,2019-01-09
james,admonishing,dr301jqm79g10,Old shocky,hannah,2019-01-09
james,admonishing,dr301jqm79g10,Old shocky,hannah,2019-01-09
james,admonishing,dr301jqm79g10,Old shocky,dan,2019-01-09
james,admonishing,dr301jqm79g10,Old shocky,jenny,2019-01-09
lewis,admonishing,ss4otkn1jr55xg9h,Manon Boucher,hannah,2019-01-09
lewis,admonishing,ss4otkn1jr55xg9h,Manon Boucher,james,2019-01-09
jenny,dancing,1fpfs1jrhveavb,The cellar,james,2019-01-30
jenny,dancing,1fpfs1jrhveavb,The cellar,liz,2019-01-30
jenny,dancing,1fpfs1jrhveavb,The cellar,hannah,2019-01-30
james,dancing,3ag1jriwzlx9,Dancing queen,dan,2019-01-30
james,dancing,3ag1jriwzlx9,Dancing queen,jenny,2019-01-30
james,dancing,3ag1jriwzlx9,Dancing queen,liz,2019-01-30
james,dancing,3ag1jriwzlx9,Dancing queen,hannah,2019-01-30
hannah,dancing,lkx1jrl3ugr0,Dance everybody,james,2019-01-30
hannah,dancing,lkx1jrl3ugr0,Dance everybody,jenny,2019-01-30
jenny,desolation,1a5fx51jp1halh2,Lisa from next door,hannah,2018-11-28
jenny,desolation,1a5fx51jp1halh2,Lisa from next door,james,2018-11-28
lewis,desolation,b00yuo1jp59vugg,Untitled,hannah,2018-11-28
lewis,desolation,b00yuo1jp59vugg,Untitled,james,2018-11-28
lewis,haunted,3yp331jrbubf29,A nice weekend break,liz,2019-01-23
lewis,haunted,3yp331jrbubf29,A nice weekend break,lewis,2019-01-23
lewis,haunted,3yp331jrbubf29,A nice weekend break,hannah,2019-01-23
lewis,haunted,3yp331jrbubf29,A nice weekend break,james,2019-01-23
lewis,haunted,3yp331jrbubf29,A nice weekend break,james,2019-01-23
lewis,haunted,3yp331jrbubf29,A nice weekend break,dan,2019-01-23
dan,haunted,3yp331jrbubj1b,Feel it still,liz,2019-01-23
dan,haunted,3yp331jrbubj1b,Feel it still,dan,2019-01-23
dan,haunted,3yp331jrbubj1b,Feel it still,hannah,2019-01-23
dan,haunted,3yp331jrbubj1b,Feel it still,dan,2019-01-23
dan,haunted,3yp331jrbubj1b,Feel it still,james,2019-01-23
dan,haunted,3yp331jrbubj1b,Feel it still,dan,2019-01-23
dan,haunted,3yp331jrbubj1b,Feel it still,james,2019-01-23
dan,haunted,3yp331jrbubj1b,Feel it still,james,2019-01-23
liz,haunted,3yp331jrbubkoj,Living on memories,james,2019-01-23
liz,haunted,3yp331jrbubkoj,Living on memories,dan,2019-01-23
jenny,haunted,43j4j1jrbubkoi,Revenge,james,2019-01-23
jenny,haunted,43j4j1jrbubkoi,Revenge,dan,2019-01-23
jenny,haunted,43j4j1jrbubkoi,Revenge,dan,2019-01-23
alice,haunted,43j4j1jrbubmxm,"The Lion, the Witch, and the Oh No",liz,2019-01-23
alice,haunted,43j4j1jrbubmxm,"The Lion, the Witch, and the Oh No",lewis,2019-01-23
alice,haunted,43j4j1jrbubmxm,"The Lion, the Witch, and the Oh No",james,2019-01-23
alice,haunted,43j4j1jrbubmxm,"The Lion, the Witch, and the Oh No",dan,2019-01-23
james,haunted,4zu1jr7gzdq6,The Green Room,liz,2019-01-23
james,haunted,4zu1jr7gzdq6,The Green Room,dan,2019-01-23
hannah,late,48c1p1jpmbnrhn,Late,lewis,2018-12-12
hannah,late,48c1p1jpmbnrhn,Late,hannah,2018-12-12
hannah,late,48c1p1jpmbnrhn,Late,james,2018-12-12
liz,late,48c1p1jpmbntfo,Godfrey the Great,jenny,2018-12-12
liz,late,48c1p1jpmbntfo,Godfrey the Great,lewis,2018-12-12
liz,late,48c1p1jpmbntfo,Godfrey the Great,hannah,2018-12-12
liz,late,48c1p1jpmbntfo,Godfrey the Great,james,2018-12-12
james,late,48c1p1jpmbnunl,Great pies a-flyin,james,2018-12-12
james,late,48c1p1jpmbnunl,Great pies a-flyin,lewis,2018-12-12
james,late,48c1p1jpmbnunl,Great pies a-flyin,lewis,2018-12-12
james,late,48c1p1jpmbnunl,Great pies a-flyin,jenny,2018-12-12
james,late,48c1p1jpmbnunl,Great pies a-flyin,lewis,2018-12-12
james,late,48c1p1jpmbnunl,Great pies a-flyin,hannah,2018-12-12
lewis,late,p2ek21jpmsvid9,In an instant,jenny,2018-12-12
lewis,late,p2ek21jpmsvid9,In an instant,lewis,2018-12-12
lewis,late,p2ek21jpmsvid9,In an instant,james,2018-12-12
lewis,late,p2ek21jpmsvid9,In an instant,james,2018-12-12
lewis,late,p2ek21jpmsvid9,In an instant,hannah,2018-12-12
jenny,love,1d8dmh1jr0xjyun,Photographic memory,hannah,2016-11-23
jenny,love,1d8dmh1jr0xjyun,Photographic memory,lewis,2016-11-23
james,love,1d8dmh1jr0xk0ru,Dive right in,lewis,2016-11-23
dan,nautical,17c4ocu1jr0chh3e,Parrot in carrot,jenny,2019-01-16
dan,nautical,17c4ocu1jr0chh3e,Parrot in carrot,liz,2019-01-16
dan,nautical,17c4ocu1jr0chh3e,Parrot in carrot,lewis,2019-01-16
dan,nautical,17c4ocu1jr0chh3e,Parrot in carrot,lewis,2019-01-16
dan,nautical,17c4ocu1jr0chh3e,Parrot in carrot,hannah,2019-01-16
dan,nautical,17c4ocu1jr0chh3e,Parrot in carrot,james,2019-01-16
jenny,nautical,17c4ocu1jr0chl40,The prince and the pauper,liz,2019-01-16
jenny,nautical,17c4ocu1jr0chl40,The prince and the pauper,jenny,2019-01-16
jenny,nautical,17c4ocu1jr0chl40,The prince and the pauper,lewis,2019-01-16
jenny,nautical,17c4ocu1jr0chl40,The prince and the pauper,lewis,2019-01-16
jenny,nautical,17c4ocu1jr0chl40,The prince and the pauper,hannah,2019-01-16
jenny,nautical,17c4ocu1jr0chl40,The prince and the pauper,dan,2019-01-16
james,nautical,1bf5qb1jqvcexe5,Sous-vide style,jenny,2019-01-16
james,nautical,1bf5qb1jqvcexe5,Sous-vide style,liz,2019-01-16
james,nautical,1bf5qb1jqvcexe5,Sous-vide style,dan,2019-01-16
james,nautical,1bf5qb1jqvcexe5,Sous-vide style,lewis,2019-01-16
james,nautical,1bf5qb1jqvcexe5,Sous-vide style,hannah,2019-01-16
lewis,nautical,40mxi1jr3gv5jx,A new voyage,jenny,2019-01-16
lewis,nautical,40mxi1jr3gv5jx,A new voyage,liz,2019-01-16
lewis,nautical,40mxi1jr3gv5jx,A new voyage,james,2019-01-16
lewis,nautical,40mxi1jr3gv5jx,A new voyage,lewis,2019-01-16
lewis,nautical,40mxi1jr3gv5jx,A new voyage,james,2019-01-16
lewis,nautical,40mxi1jr3gv5jx,A new voyage,dan,2019-01-16
liz,new-beginnings,nd21jm0g26cw,#newbeginnings,james,2018-09-05
liz,new-beginnings,nd21jm0g26cw,#newbeginnings,jenny,2018-09-05
liz,new-beginnings,nd21jm0g26cw,#newbeginnings,james,2018-09-05
hannah,new-beginnings,nd21jm0g281z,Oreo,lewis,2018-09-05
hannah,new-beginnings,nd21jm0g281z,Oreo,jenny,2018-09-05
hannah,new-beginnings,nd21jm0g281z,Oreo,james,2018-09-05
james,new-beginnings,nd21jm0g29we,Smut,james,2018-09-05
james,new-beginnings,nd21jm0g29we,Smut,james,2018-09-05
james,new-beginnings,nd21jm0g29we,Smut,lewis,2018-09-05
james,new-beginnings,nd21jm0g29we,Smut,james,2018-09-05
james,new-beginnings,nd21jm0g29we,Smut,james,2018-09-05
james,new-beginnings,nd21jm0g29we,Smut,jenny,2018-09-05
jenny,new-beginnings,nd21jm0g2bjm,Tom's new start,james,2018-09-05
lewis,new-beginnings,nd21jm0g2crt,Who is she? Or everyone loves a box of puppies.,james,2018-09-05
lewis,new-beginnings,nd21jm0g2crt,Who is she? Or everyone loves a box of puppies.,james,2018-09-05
lewis,new-beginnings,nd21jm0g2crt,Who is she? Or everyone loves a box of puppies.,jenny,2018-09-05
lewis,new-beginnings,nd21jm0g2crt,Who is she? Or everyone loves a box of puppies.,james,2018-09-05
james,ravished,2c96q1jnajnrg3,The Beast Slayer's Apprentice,lewis,2018-10-10
james,ravished,2c96q1jnajnrg3,The Beast Slayer's Apprentice,lewis,2018-10-10
james,ravished,2c96q1jnajnrg3,The Beast Slayer's Apprentice,lewis,2018-10-10
james,ravished,2c96q1jnajnrg3,The Beast Slayer's Apprentice,james,2018-10-10
james,ravished,2c96q1jnajnrg3,The Beast Slayer's Apprentice,hannah,2018-10-10
james,ravished,2c96q1jnajnrg3,The Beast Slayer's Apprentice,liz,2018-10-10
james,ravished,2c96q1jnajnrg3,The Beast Slayer's Apprentice,jenny,2018-10-10
james,ravished,2c96q1jnajnrg3,The Beast Slayer's Apprentice,james,2018-10-10
james,ravished,2c96q1jnajnrg3,The Beast Slayer's Apprentice,lewis,2018-10-10
jenny,ravished,2i3si1jn34mlhe,Fire in the night,lewis,2018-10-10
jenny,ravished,2i3si1jn34mlhe,Fire in the night,lewis,2018-10-10
jenny,ravished,2i3si1jn34mlhe,Fire in the night,hannah,2018-10-10
jenny,ravished,2i3si1jn34mlhe,Fire in the night,liz,2018-10-10
jenny,ravished,2i3si1jn34mlhe,Fire in the night,lewis,2018-10-10
jenny,ravished,2i3si1jn34mlhe,Fire in the night,james,2018-10-10
helen,ravished,2i3si1jn34mnx5,The thrill of the kill,lewis,2018-10-10
helen,ravished,2i3si1jn34mnx5,The thrill of the kill,hannah,2018-10-10
helen,ravished,2i3si1jn34mnx5,The thrill of the kill,liz,2018-10-10
helen,ravished,2i3si1jn34mnx5,The thrill of the kill,jenny,2018-10-10
helen,ravished,2i3si1jn34mnx5,The thrill of the kill,lewis,2018-10-10
helen,ravished,2i3si1jn34mnx5,The thrill of the kill,james,2018-10-10
lewis,ravished,302hoqg1jn8nndkv,The Last,lewis,2018-10-10
lewis,ravished,302hoqg1jn8nndkv,The Last,hannah,2018-10-10
lewis,ravished,302hoqg1jn8nndkv,The Last,liz,2018-10-10
lewis,ravished,302hoqg1jn8nndkv,The Last,jenny,2018-10-10
jenny,the-attic,3jx721jrug7sz3,Upstairs downstairs,hannah,2019-02-06
jenny,the-attic,3jx721jrug7sz3,Upstairs downstairs,hannah,2019-02-06
jenny,the-attic,3jx721jrug7sz3,Upstairs downstairs,hannah,2019-02-06
jenny,the-attic,3jx721jrug7sz3,Upstairs downstairs,james,2019-02-06
jenny,the-attic,3jx721jrug7sz3,Upstairs downstairs,dan,2019-02-06
dan,the-attic,li3j6tr1jrtheqoo,The mystery of the sea,james,2019-02-06
dan,the-attic,li3j6tr1jrtheqoo,The mystery of the sea,hannah,2019-02-06
james,the-attic,li3j6tr1jrtheswp,One last naked game,dan,2019-02-06
liz,the-jazz-age,109cct1jnotdd63,All that jazz,hannah,2018-10-24
liz,the-jazz-age,109cct1jnotdd63,All that jazz,lewis,2018-10-24
liz,the-jazz-age,109cct1jnotdd63,All that jazz,jenny,2018-10-24
liz,the-jazz-age,109cct1jnotdd63,All that jazz,james,2018-10-24
liz,the-jazz-age,109cct1jnotdd63,All that jazz,james,2018-10-24
jenny,the-jazz-age,109cct1jnotdffn,The jazz age (1),hannah,2018-10-24
jenny,the-jazz-age,109cct1jnotdffn,The jazz age (1),lewis,2018-10-24
jenny,the-jazz-age,109cct1jnotdffn,The jazz age (1),lewis,2018-10-24
jenny,the-jazz-age,109cct1jnotdffn,The jazz age (1),lewis,2018-10-24
jenny,the-jazz-age,109cct1jnotdffn,The jazz age (1),liz,2018-10-24
jenny,the-jazz-age,109cct1jnotdffn,The jazz age (1),james,2018-10-24
hannah,the-jazz-age,109cct1jnotdgt6,The jazz age (2),lewis,2018-10-24
hannah,the-jazz-age,109cct1jnotdgt6,The jazz age (2),jenny,2018-10-24
hannah,the-jazz-age,109cct1jnotdgt6,The jazz age (2),jenny,2018-10-24
hannah,the-jazz-age,109cct1jnotdgt6,The jazz age (2),liz,2018-10-24
hannah,the-jazz-age,109cct1jnotdgt6,The jazz age (2),james,2018-10-24
latey,the-jazz-age,11isoi1jnrbmc16,Johnny submit lately,hannah,2018-10-24
latey,the-jazz-age,11isoi1jnrbmc16,Johnny submit lately,lewis,2018-10-24
latey,the-jazz-age,11isoi1jnrbmc16,Johnny submit lately,lewis,2018-10-24
latey,the-jazz-age,11isoi1jnrbmc16,Johnny submit lately,jenny,2018-10-24
latey,the-jazz-age,11isoi1jnrbmc16,Johnny submit lately,james,2018-10-24
james,the-jazz-age,25og81jnpp5gj8,The Grimethorpe Colliery Banned,james,2018-10-24
james,the-jazz-age,25og81jnpp5gj8,The Grimethorpe Colliery Banned,hannah,2018-10-24
james,the-jazz-age,25og81jnpp5gj8,The Grimethorpe Colliery Banned,james,2018-10-24
james,the-jazz-age,25og81jnpp5gj8,The Grimethorpe Colliery Banned,jenny,2018-10-24
james,the-jazz-age,25og81jnpp5gj8,The Grimethorpe Colliery Banned,james,2018-10-24
james,the-jazz-age,25og81jnpp5gj8,The Grimethorpe Colliery Banned,lewis,2018-10-24
james,the-jazz-age,25og81jnpp5gj8,The Grimethorpe Colliery Banned,jenny,2018-10-24
james,the-jazz-age,25og81jnpp5gj8,The Grimethorpe Colliery Banned,james,2018-10-24
hannah,the-week-after-halloween,41soh1job7yjq6,Doo-doo stew,jenny,2018-11-07
hannah,the-week-after-halloween,41soh1job7yjq6,Doo-doo stew,lewis,2018-11-07
hannah,the-week-after-halloween,41soh1job7yjq6,Doo-doo stew,james,2018-11-07
lewis,the-week-after-halloween,41soh1job7ym8c,Rising to the occasion,jenny,2018-11-07
lewis,the-week-after-halloween,41soh1job7ym8c,Rising to the occasion,james,2018-11-07
lewis,the-week-after-halloween,41soh1job7ym8c,Rising to the occasion,hannah,2018-11-07
james,the-week-after-halloween,4fxecc01jo69d8pm,Lesliebody and the missed halloween debacle,jenny,2018-11-07
james,the-week-after-halloween,4fxecc01jo69d8pm,Lesliebody and the missed halloween debacle,lewis,2018-11-07
james,the-week-after-halloween,4fxecc01jo69d8pm,Lesliebody and the missed halloween debacle,hannah,2018-11-07
jenny,the-week-after-halloween,ave20c1jofygdzf,Halloween party,lewis,2018-11-07
jenny,the-week-after-halloween,ave20c1jofygdzf,Halloween party,james,2018-11-07
jenny,the-week-after-halloween,ave20c1jofygdzf,Halloween party,hannah,2018-11-07
jenny,the-week-after-halloween,ave20c1jofygdzf,Halloween party,lewis,2018-11-07
liz,zombie,1g9281jm94iq02,Zombies,jenny,2018-09-19
liz,zombie,1g9281jm94iq02,Zombies,lewis,2018-09-19
liz,zombie,1g9281jm94iq02,Zombies,james,2018-09-19
lewis,zombie,1k8wj41jm9dlpa2,Last,james,2018-09-19
lewis,zombie,1k8wj41jm9dlpa2,Last,lewis,2018-09-19
lewis,zombie,1k8wj41jm9dlpa2,Last,jenny,2018-09-19
lewis,zombie,1k8wj41jm9dlpa2,Last,james,2018-09-19
jenny,zombie,4eh3f1jm91naii,The long slow hours of the night,lewis,2018-09-19
jenny,zombie,4eh3f1jm91naii,The long slow hours of the night,james,2018-09-19
helen,zombie,g2evu1jm9i4pvd,A new world,jenny,2018-09-19
helen,zombie,g2evu1jm9i4pvd,A new world,james,2018-09-19
helen,zombie,g2evu1jm9i4pvd,A new world,lewis,2018-09-19
james,zombie,xl5to1jm7tw3ru,Roger the noble,lewis,2018-09-19
james,zombie,xl5to1jm7tw3ru,Roger the noble,jenny,2018-09-19
james,zombie,xl5to1jm7tw3ru,Roger the noble,lewis,2018-09-19
james,zombie,xl5to1jm7tw3ru,Roger the noble,james,2018-09-19
james,zombie,xl5to1jm7tw3ru,Roger the noble,james,2018-09-19
james,zombie,xl5to1jm7tw3ru,Roger the noble,lewis,2018-09-19