authorId,publicThemeId,storyId,title,deadline
beth,admonishing,1c9lz1jr8uqla5,A warm welcome,2019-01-09
dan,admonishing,1ki2m1jqi7k9w6,Best before,2019-01-09
jenny,admonishing,coew1jqp2r6t3,Something honest,2019-01-09
james,admonishing,dr301jqm79g10,Old shocky,2019-01-09
lewis,admonishing,ss4otkn1jr55xg9h,Manon Boucher,2019-01-09
jenny,dancing,1fpfs1jrhveavb,The cellar,2019-01-30
james,dancing,3ag1jriwzlx9,Dancing queen,2019-01-30
hannah,dancing,lkx1jrl3ugr0,Dance everybody,2019-01-30
jenny,desolation,1a5fx51jp1halh2,Lisa from next door,2018-11-28
lewis,desolation,b00yuo1jp59vugg,Untitled,2018-11-28
james,desolation,sgsqwm01jozhjmp7,5am,2018-11-28
jenny,fashion,18ho10hh1jrfzg9wl,Doggy style,2016-11-30
james,fashion,18ho10hh1jrfzgbas,Number 67,2016-11-30
lewis,haunted,3yp331jrbubf29,A nice weekend break,2019-01-23
dan,haunted,3yp331jrbubj1b,Feel it still,2019-01-23
liz,haunted,3yp331jrbubkoj,Living on memories,2019-01-23
jenny,haunted,43j4j1jrbubkoi,Revenge,2019-01-23
alice,haunted,43j4j1jrbubmxm,"The Lion, the Witch, and the Oh No",2019-01-23
james,haunted,4zu1jr7gzdq6,The Green Room,2019-01-23
jenny,heart-warming,cxuzm1jntestof,Steps in the darkness,2016-11-09
james,heart-warming,cxuzm1jntesunz,Boots,2016-11-09
hannah,late,48c1p1jpmbnrhn,Late,2018-12-12
liz,late,48c1p1jpmbntfo,Godfrey the Great,2018-12-12
james,late,48c1p1jpmbnunl,Great pies a-flyin,2018-12-12
lewis,late,p2ek21jpmsvid9,In an instant,2018-12-12
jenny,love,1d8dmh1jr0xjyun,Photographic memory,2016-11-23
james,love,1d8dmh1jr0xk0ru,Dive right in,2016-11-23
dan,nautical,17c4ocu1jr0chh3e,Parrot in carrot,2019-01-16
jenny,nautical,17c4ocu1jr0chl40,The prince and the pauper,2019-01-16
james,nautical,1bf5qb1jqvcexe5,Sous-vide style,2019-01-16
lewis,nautical,40mxi1jr3gv5jx,A new voyage,2019-01-16
liz,new-beginnings,nd21jm0g26cw,#newbeginnings,2018-09-05
hannah,new-beginnings,nd21jm0g281z,Oreo,2018-09-05
james,new-beginnings,nd21jm0g29we,Smut,2018-09-05
jenny,new-beginnings,nd21jm0g2bjm,Tom's new start,2018-09-05
lewis,new-beginnings,nd21jm0g2crt,Who is she? Or everyone loves a box of puppies.,2018-09-05
james,ravished,2c96q1jnajnrg3,The Beast Slayer's Apprentice,2018-10-10
jenny,ravished,2i3si1jn34mlhe,Fire in the night,2018-10-10
helen,ravished,2i3si1jn34mnx5,The thrill of the kill,2018-10-10
lewis,ravished,302hoqg1jn8nndkv,The Last,2018-10-10
jenny,sinister,cxuzm1jntfkbpd,Trip trap,2016-11-16
james,sinister,cxuzm1jntfkcgz,Breadcrumbs,2016-11-16
jenny,the-attic,3jx721jrug7sz3,Upstairs downstairs,2019-02-06
dan,the-attic,li3j6tr1jrtheqoo,The mystery of the sea,2019-02-06
james,the-attic,li3j6tr1jrtheswp,One last naked game,2019-02-06
liz,the-jazz-age,109cct1jnotdd63,All that jazz,2018-10-24
jenny,the-jazz-age,109cct1jnotdffn,The jazz age (1),2018-10-24
hannah,the-jazz-age,109cct1jnotdgt6,The jazz age (2),2018-10-24
latey,the-jazz-age,11isoi1jnrbmc16,Johnny submit lately,2018-10-24
james,the-jazz-age,25og81jnpp5gj8,The Grimethorpe Colliery Banned,2018-10-24
hannah,the-week-after-halloween,41soh1job7yjq6,Doo-doo stew,2018-11-07
lewis,the-week-after-halloween,41soh1job7ym8c,Rising to the occasion,2018-11-07
james,the-week-after-halloween,4fxecc01jo69d8pm,Lesliebody and the missed halloween debacle,2018-11-07
jenny,the-week-after-halloween,ave20c1jofygdzf,Halloween party,2018-11-07
jenny,whimsical-or-mysterious,2qbvok1jntcxzu2,All at sea,2016-11-02
james,whimsical-or-mysterious,2qbvok1jntcy16v,All at badger,2016-11-02
james,wonder,ss4otkn1jr56oco8,Dogfish beach,2017-01-18
jenny,wonder,ss4otkn1jr56p1j7,Ill met by moonlight,2017-01-18
liz,zombie,1g9281jm94iq02,Zombies,2018-09-19
lewis,zombie,1k8wj41jm9dlpa2,Last,2018-09-19
jenny,zombie,4eh3f1jm91naii,The long slow hours of the night,2018-09-19
helen,zombie,g2evu1jm9i4pvd,A new world,2018-09-19
james,zombie,xl5to1jm7tw3ru,Roger the noble,2018-09-19